{
    "$schema": "https://schema.management.azure.com/schemas/0.1.2-preview/CreateUIDefinition.MultiVm.json#",
    "handler": "Microsoft.Compute.MultiVm",
    "version": "0.1.2-preview",
    "parameters": {
        "basics": [],
        "steps": [
            {
                "name": "config",
                "label": "Configuration",
                "subLabel": {
                    "preValidation": "Configuration",
                    "postValidation": "Done"
                },
                "bladeTitle": "Configuration",
                "elements": [
                    {
                        "name": "adminUsername",
                        "type": "Microsoft.Compute.UserNameTextBox",
                        "label": "Username",
                        "toolTip": "Administrator Username for Rapid Licence Optimization",
                        "osPlatform": "Windows",
                        "constraints": {
                            "required": true,
                            "regex": "^[a-zA-Z][a-zA-Z]{3,15}$",
                            "validationMessage": "Only letters are allowed, and minimum 4 characters"
                        }
                    },
                    {
                        "name": "adminSSHKey",
                        "type": "Microsoft.Common.TextBox",
                        "label": "Public SSH Key for connection to VM",
                        "constraints": {
                            "required": true
                        }
                    }
                ]
            }
        ],
        "outputs": {
            "location": "[location()]",
            "sshUsername": "[steps('config').adminUsername]",
            "sshPublicKey": "[steps('config').adminSSHKey]"
        }
    }
}