{
    "$schema": "https://schema.management.azure.com/schemas/2015-01-01/deploymentTemplate.json#",
    "contentVersion": "1.0.0.0",
    "parameters": {
        "_artifactsLocation": {
            "type": "string",
            "metadata": {
                "description": "The base URI where artifacts required by this template are located. When the template is deployed using the accompanying scripts, a private location in the subscription will be used and this value will be automatically generated."
            },
            "defaultValue": "[uri(deployment().properties.templateLink.uri, '')]"
        },
        "_artifactsLocationSasToken": {
            "type": "securestring",
            "metadata": {
                "description": "The sasToken required to access _artifactsLocation.  When the template is deployed using the accompanying scripts, a sasToken will be automatically generated."
            },
            "defaultValue": ""
        },
        "sshPublicKey": {
            "metadata": {
                "description": "ssh public key"
            },
            "type": "string"
        },
        "sshUsername": {
            "type": "string",
            "metadata": {
                "description": "Admin username"
            },
            "defaultValue": "bramar"
        }
    },
    "resources": [
        {
            "type": "Microsoft.Resources/deployments",
            "apiVersion": "2017-05-10",
            "name": "mainTemplate",
            "properties": {
                "mode": "Incremental",
                "parameters": {
                    "_artifactsLocation":           { "value": "[parameters('_artifactsLocation')]" },
                    "_artifactsLocationSasToken":   { "value": "[parameters('_artifactsLocationSasToken')]" },
                    "redisDeploySwitch":            { "value": false },
                    "sshPublicKey":                 { "value": "[parameters('sshPublicKey')]" },
                    "sshUsername":                  { "value": "[parameters('sshUsername')]" },
                    "mysqlPgresVcores":             { "value": 8 },
                    "mysqlPgresStgSizeGB":          { "value": 128 },
                    "fileServerDiskSize":           { "value": 128 }
                },
                "templateLink": {
                    "uri": "[concat(parameters('_artifactsLocation'), 'azuredeploy.json', parameters('_artifactsLocationSasToken'))]"
                }
            }
        }
    ],
    "outputs": {
        "mainTemplateOutputs": {
            "type": "object",
            "value": "[reference('mainTemplate').outputs]"
        }
    },
    "variables": {
        "documentation01": "This wrapper template calls the main-template with pre-defined configs for small-to-mid size workloads (without high availability) and the only required parameter (sshPublicKey).",
        "documentation02": "For the expected small-to-mid size workloads, other parameters are fixed in this tempalte and overriden as above."
    }
}
