{
    "$schema": "https://schema.management.azure.com/schemas/2015-01-01/deploymentTemplate.json#",
    "contentVersion": "1.0.0.0",
    "parameters": {
        "teslaEduAdminUsername": {
            "type": "string"
        },
        "teslaEduAdminPassword": {
            "type": "securestring"
        },
        "teslaEduAdminEmail": {
            "type": "string"
        },
        "adminUsername": {
            "type": "string"
        },
        "adminPassword": {
            "type": "securestring"
        },
        "mysqlPgresVcores": {
            "type": "int",
            "allowedValues": [
                1,
                2,
                4,
                8,
                16,
                32
            ],
            "defaultValue": 2,
            "metadata": {
                "description": "MySQL/Postgres vCores."
            }
        },
        "mysqlPgressStgSizeGB": {
            "type": "int",
            "defaultValue": "125",
            "minValue": 5,
            "maxValue": 1024,
            "metadata": {
                "description": "MySQL/Postgrase storage size in GB."
            }
        },
        "nfsDiskSize": {
            "type": "int"
        },
        "storageAccountName": {
            "type": "string"
        },
        "storageNewOrExisting": {
            "type": "string"
        },
        "storageAccountType": {
            "type": "string"
        },
        "vnetName": {
            "type": "string"
        },
        "vnetAddressPrefix": {
            "type": "string"
        },
        "vnetNewOrExisting": {
            "type": "string"
        },
        "publicIPAddressName": {
            "type": "string"
        },
        "addressPrefix": {
            "type": "string"
        },
        "location": {
            "type": "string"
        },
        "publicIPNewOrExisting": {
            "type": "string"
        },
        "dnsNameForPublicIP": {
            "type": "string"
        },
        "mysqlSkuTier": {
            "type": "string"
        },
        "mysqlSkuHwFamily": {
            "type": "string"
        },
        "mysqlVersion": {
            "type": "string"
        },
        "mysqlAdminUsername": {
            "type": "string"
        },
        "mysqlAdminPassword": {
            "type": "securestring"
        },
        "_artifactLocation": {
            "type": "string"
        }
    },
    "variables": {
        "tEduCommon": {
            "_rootArtifactLocation": "[parameters('_artifactLocation')]",
            "storageAccountName": "[concat(parameters('storageAccountName'),variables('resourceprefix'))]",
            "teslaEduAdminUsername": "[parameters('teslaEduAdminUsername')]",
            "teslaEduAdminPassword": "[parameters('teslaEduAdminPassword')]",
            "teslaEduAdminEmail": "[parameters('teslaEduAdminEmail')]",
            "storageNewOrExisting": "[parameters('storageNewOrExisting')]",
            "storageAccountType": "[parameters('storageAccountType')]",
            "location": "[parameters('location')]",
            "baseTemplateUrl": "[parameters('_artifactLocation')]",
            "vnetNewOrExisting": "[parameters('vnetNewOrExisting')]",
            "vnetAddressPrefix": "[parameters('vnetAddressPrefix')]",
            "vnetName": "[concat(parameters('vnetName'),'-',variables('resourceprefix'))]",
            "addressPrefix": "[parameters('addressPrefix')]",
            "publicIPNewOrExisting": "[parameters('publicIPNewOrExisting')]",
            "publicIPAddressName": "[concat(parameters('publicIPAddressName'),'-',variables('resourceprefix'))]",
            "dnsNameForPublicIP": "[parameters('dnsNameForPublicIP')]",
            "nfsDiskSize": "[parameters('nfsDiskSize')]",
            "adminPassword": "[parameters('adminPassword')]",
            "adminUsername": "[parameters('adminUsername')]",
            "mysqlSkuHwFamily": "[parameters('mysqlSkuHwFamily')]",
            "mysqlSkuTier": "[parameters('mysqlSkuTier')]",
            "mysqlVersion": "[parameters('mysqlVersion')]",
            "mysqlServerName": "[concat('mysqlserver', variables('resourceprefix'))]",
            "mysqlAdminPassword": "[parameters('mysqlAdminPassword')]",
            "mysqlAdminUsername": "[parameters('mysqlAdminUsername')]",
            "mysqlPgressStgSizeGB": "[parameters('mysqlPgressStgSizeGB')]",
            "mysqlPgresVcores": "[parameters('mysqlPgresVcores')]",
            "mysqlPgresSkuName": "[concat(if(equals(parameters('mysqlSkuTier'),'Basic'),'B',if(equals(parameters('mysqlSkuTier'),'GeneralPurpose'),'GP','MO')),'_',parameters('mysqlSkuHwFamily'),'_',string(parameters('mysqlPgresVcores')))]",
            "siteURL": "www.example.com"
        },
        "octets": "[split(variables('tEduCommon').vnetAddressPrefix,'.')]",
        "nfsStaticIP": "[concat(variables('octets')[0], '.', variables('octets')[1], '.', variables('octets')[2], '.100')]",
        "moodleStaticIP": "[concat(variables('octets')[0],'.',variables('octets')[1],'.', variables('octets')[2], '.110')]",
        "mysqlFirewallSubnet": "[concat(variables('octets')[0], '.', variables('octets')[1], '.', variables('octets')[2])]",
        "resourceprefix": "[substring(uniqueString(resourceGroup().id, deployment().name, 'TeslaEdu'),3,10)]"
    },
    "resources": [
        {
            "type": "Microsoft.Resources/deployments",
            "apiVersion": "2019-05-01",
            "name": "networkTemplate",
            "condition": "[equals(variables('tEduCommon').vnetNewOrExisting, 'new')]",
            "properties": {
                "mode": "Incremental",
                "parameters": {
                    "tEduCommon": {
                        "value": "[variables('tEduCommon')]"
                    }
                },
                "templateLink": {
                    "uri": "[uri(variables('tEduCommon').baseTemplateUrl, 'templates/network.json')]"
                }
            }
        },
        {
            "type": "Microsoft.Resources/deployments",
            "apiVersion": "2019-05-01",
            "name": "storageAccountTemplate",
            "condition": "[equals(variables('tEduCommon').storageNewOrExisting, 'new')]",
            "properties": {
                "mode":"Incremental",
                "parameters": {
                    "tEduCommon": {
                        "value": "[variables('tEduCommon')]"
                    }
                },
                "templateLink": {
                    "uri": "[uri(variables('tEduCommon').baseTemplateUrl, 'templates/storageAccount.json')]"
                }
            }
        },
        {
            "type": "Microsoft.Resources/deployments",
            "dependsOn": [
                "Microsoft.Resources/deployments/storageAccountTemplate",
                "Microsoft.Resources/deployments/networkTemplate"
            ],
            "name": "nfsVmTemaplate",
            "apiVersion": "2019-05-01",
            "properties": {
                "mode": "Incremental",
                "parameters": {
                    "tEduCommon": {
                        "value": "[variables('tEduCommon')]"
                    },
                    "subnetId": {
                        "value": "[reference('networkTemplate').outputs.subnetId.value]"
                    },
                    "nfsStaticIP": {
                        "value": "[variables('nfsStaticIP')]"
                    }
                },
                "templateLink": {
                    "uri": "[uri(variables('tEduCommon').baseTemplateUrl, 'templates/nfsvm.json')]"
                }
            }
        },
        {
            "type": "Microsoft.Resources/deployments",
            "dependsOn": [
                "Microsoft.Resources/deployments/nfsVmTemaplate"
            ],
            "name": "mysqlDbServer",
            "apiVersion": "2019-05-01",
            "properties": {
                "mode": "Incremental",
                "parameters": {
                    "tEduCommon": {
                        "value": "[variables('tEduCommon')]"
                    },
                    "mysqlFirewallSubnet": {
                        "value": "[variables('mysqlFirewallSubnet')]"
                    },
                    "moodlePublicIp": {
                        "value": "[reference('networkTemplate').outputs.publicIp.value]"
                    }
                },
                "templateLink": {
                    "uri": "[uri(variables('tEduCommon').baseTemplateUrl, 'templates/deploymysql.json')]"
                }
            }
        },
        {
            "type": "Microsoft.Resources/deployments",
            "dependsOn": [
                "Microsoft.Resources/deployments/mysqlDbServer"
            ],
            "name": "deployMoodleParams",
            "apiVersion": "2019-05-01",
            "properties": {
                "mode":"Incremental",
                "parameters": {
                    "tEduCommon": {
                        "value": "[variables('tEduCommon')]"
                    },
                    "dbFQDN": {
                        "value": "[reference('mysqlDbServer').outputs.dbFQDN.value]"
                    },
                    "nfsIpAddress": {
                        "value": "[variables('nfsStaticIP')]"
                    },
                    "domainNameLabel": {
                        "value": "[reference('networkTemplate').outputs.domainNameLabel.value]"
                    }
                },
                "templateLink": {
                    "uri": "[uri(variables('tEduCommon').baseTemplateUrl, 'templates/setupmoodleparams.json')]"
                }
            }
        },
        {
            "type": "Microsoft.Resources/deployments",
            "dependsOn": [
                "Microsoft.Resources/deployments/nfsVmTemaplate",
                "Microsoft.Resources/deployments/mysqlDbServer"
            ],
            "name": "moodleServer",
            "apiVersion": "2019-05-01",
            "properties": {
                "mode": "Incremental",
                "parameters": {
                    "tEduCommon": {
                        "value": "[variables('tEduCommon')]"
                    },
                    "subnetId": {
                        "value": "[reference('networkTemplate').outputs.subnetId.value]"
                    },
                    "moodleStaticIP": {
                        "value": "[variables('moodleStaticIP')]"
                    },
                    "publicIpId": {
                        "value": "[reference('networkTemplate').outputs.publicIpId.value]"
                    },
                    "vmSetupParamsObj": {
                        "value": "[reference('deployMoodleParams').outputs.vmSetupParamsObj.value]"
                    }
                },
                "templateLink": {
                    "uri": "[uri(variables('tEduCommon').baseTemplateUrl, 'templates/deploymoodlevm.json')]"
                }
            }
        }
    ]
}

