{
    "$schema": "http://schema.management.azure.com/schemas/2015-01-01/deploymentTemplate.json#",
    "contentVersion": "1.0.0.0",
    "parameters": {
        "tEduCommon": {
            "type": "object"
        },
        "subnetId": {
            "type": "string"
        },
        "moodleStaticIP": {
            "type": "string"
        },
        "publicIpId": {
            "type": "string"
        },
        "vmSetupParamsObj": {
            "type": "object"
        }
    },
    "variables": {
        "singleQuote": "'",
        "moodleScriptUrl": "[concat(parameters('tEduCommon')._rootArtifactLocation, 'scripts/installmoodle.sh')]",
        "helperFunctionsUrl": "[concat(parameters('tEduCommon')._rootArtifactLocation, 'scripts/helperfunctions.sh')]",
        "commandToExecute": "bash -x installmoodle.sh"
    },
    "resources": [
        {
            "type": "Microsoft.Network/networkInterfaces",
            "apiVersion": "2017-10-01",
            "name": "moodleNic",
            "location": "[parameters('tEduCommon').location]",
            "properties": {
                "ipConfigurations": [
                    {
                        "name": "ipconfig1",
                        "properties": {
                            "privateIPAllocationMethod": "Static",
                            "privateIPAddress": "[parameters('moodleStaticIP')]",
                            "subnet": {
                                "id": "[parameters('subnetId')]"
                            },
                            "publicIPAddress": {
                                "id": "[parameters('publicIpId')]"
                            }
                        }
                    }
                ]
            }
        },
        {
            "type": "Microsoft.Compute/virtualMachines",
            "apiVersion": "2017-12-01",
            "name": "moodleTeslaEdu",
            "location": "[parameters('tEduCommon').location]",
            "dependsOn": [
                "[resourceId('Microsoft.Network/networkInterfaces', 'moodleNic')]"
            ],
            "properties": {
                "hardwareProfile": {
                    "vmSize": "Standard_DS1_v2"
                },
                "osProfile": {
                    "computerName": "teslaEdu",
                    "adminPassword": "[parameters('tEduCommon').adminPassword]",
                    "adminUsername": "[parameters('tEduCommon').adminUsername]",
                    "customData": "[base64(concat('#cloud-config\nwrite_files:\n- encoding: b64\n  content: ', base64(string(parameters('vmSetupParamsObj'))), '\n  owner: root:root\n  path: /usr/local/moodleparams.json\n  permissions: ', variables('singleQuote'), '0400', variables('singleQuote')))]"
                },
                "storageProfile": {
                    "imageReference": {
                        "publisher": "Canonical",
                        "offer": "UbuntuServer",
                        "sku": "16.04.0-LTS",
                        "version": "latest"
                    },
                    "osDisk": {
                        "createOption": "FromImage",
                        "diskSizeGB": 40
                    }
                },
                "networkProfile": {
                    "networkInterfaces": [
                        {
                            "id": "[resourceId('Microsoft.Network/networkInterfaces', 'moodleNic')]"
                        }
                    ]
                }
            },
            "resources": [
                {
                    "type": "extensions",
                    "name": "installMoodle",
                    "dependsOn": [
                        "[concat('Microsoft.Compute/virtualMachines/', 'moodleTeslaEdu')]"
                    ],
                    "apiVersion": "2017-12-01",
                    "location": "[parameters('tEduCommon').location]",
                    "properties": {
                        "settings": {
                            "fileUris": [
                                "[variables('helperFunctionsUrl')]",
                                "[variables('moodleScriptUrl')]"
                            ]
                        },
                        "publisher": "Microsoft.Azure.Extensions",
                        "type": "CustomScript",
                        "typeHandlerVersion": "2.0",
                        "autoUpgradeMinorVersion": true,
                        "protectedSettings": {
                            "commandToExecute": "[variables('commandToExecute')]"
                        }
                    }
                }
            ]
        }
    ]
}
