{
    "$schema": "http://schema.management.azure.com/schemas/2015-01-01/deploymentTemplate.json#",
    "contentVersion": "1.0.0.0",
    "parameters": {
        "tEduCommon": {
            "type": "object"
        },
        "mysqlFirewallSubnet": {
            "type": "string"
        },
        "moodlePublicIp": {
            "type": "string"
        }
    },
    "resources": [
        {
            "type": "Microsoft.DBforMySQL/servers",
            "apiVersion": "2017-12-01",
            "location": "[parameters('tEduCommon').location]",
            "name": "[parameters('tEduCommon').mysqlServerName]",
            "properties": {
                "sslEnforcement": "Disabled",
                "administratorLogin": "[parameters('tEduCommon').mysqlAdminUsername]",
                "administratorLoginPassword": "[parameters('tEduCommon').mysqlAdminPassword]",
                "storageProfile": {
                    "storageMB": "[mul(parameters('tEduCommon').mysqlPgressStgSizeGB, 1024)]",
                    "backupRetentionDays": 35,
                    "geoRedundantBackup": "Disabled"
                },
                "version": "[parameters('tEduCommon').mysqlVersion]",
                "createMode": "Default"
            },
            "sku": {
                "capacity": "[parameters('tEduCommon').mysqlPgresVcores]",
                "name": "[parameters('tEduCommon').mysqlPgresSkuName]",
                "tier": "[parameters('tEduCommon').mysqlSkuTier]",
                "family": "[parameters('tEduCommon').mysqlSkuHwFamily]"
            },
            "resources": [
                {
                    "apiVersion": "2017-12-01",
                    "dependsOn": [
                        "[concat('Microsoft.DBforMySQL/servers/', parameters('tEduCommon').mysqlServerName)]"
                    ],
                    "name": "mysql-allow-localnet",
                    "type": "firewallRules",
                    "properties":{
                        "startIpAddress": "[concat(parameters('mysqlFirewallSubnet'),'.0')]",
                        "endIpAddress": "[concat(parameters('mysqlFirewallSubnet'),'.255')]"
                    }
                },
                {
                    "apiVersion": "2017-12-01",
                    "dependsOn": [
                        "[concat('Microsoft.DBforMySQL/servers/', parameters('tEduCommon').mysqlServerName)]"
                    ],
                    "name": "mysql-allow-moodle",
                    "type": "firewallRules",
                    "properties": {
                        "startIpAddress": "[parameters('moodlePublicIp')]",
                        "endIpAddress": "[parameters('moodlePublicIp')]"
                    }
                },
                {
                    "apiVersion": "2017-12-01",
                    "dependsOn": [
                        "[concat('Microsoft.DBforMySQL/servers/', parameters('tEduCommon').mysqlServerName)]"
                    ],
                    "name": "innodb_file_per_table",
                    "type": "configurations",
                    "properties": {
                        "value": "ON",
                        "source": "user-override"
                    }
                }
            ]
        }
    ],
    "outputs": {
        "dbFQDN": {
            "type": "string",
            "value": "[reference(parameters('tEduCommon').mysqlServerName).fullyQualifiedDomainName]"
        }
    }
}