{
    "$schema": "http://schema.management.azure.com/schemas/2015-01-01/deploymentTemplate.json#",
    "contentVersion": "1.0.0.0",
    "parameters": {
        "tEduCommon": {
            "type": "object"
        }
    },
    "resources": [
        {
            "type": "Microsoft.Resources/deployments",
            "apiVersion": "2017-05-10",
            "name": "vNetTemplate",
            "properties": {
                "mode": "Incremental",
                "parameters": {
                    "tEduCommon": {
                        "value": "[parameters('tEduCommon')]"
                    }
                },
                "templateLink": {
                    "uri": "[uri(parameters('tEduCommon').baseTemplateUrl, 'network-vnet.json')]"
                }
            }
        },
        {
            "type": "Microsoft.Resources/deployments",
            "apiVersion": "2017-05-10",
            "dependsOn": [
                "Microsoft.Resources/deployments/vNetTemplate"
            ],
            "name": "subnetTemplate",
            "properties": {
                "mode": "Incremental",
                "parameters": {
                    "tEduCommon": { "value": "[parameters('tEduCommon')]" },
                    "subnetName": { "value": "[concat(parameters('tEduCommon').vnetName, '/subnet')]" }
                },
                "templateLink": {
                    "uri": "[concat(parameters('tEduCommon').baseTemplateUrl, 'network-subnets.json')]"
                }
            }
        },
        {
            "type": "Microsoft.Resources/deployments",
            "apiVersion": "2017-05-10",
            "name": "publicIPAddress",
            "properties": {
                "mode": "Incremental",
                "parameters": {
                    "tEduCommon": { "value": "[parameters('tEduCommon')]"}
                },
                "templateLink": {
                    "uri": "[concat(parameters('tEduCommon').baseTemplateUrl, 'publicip.json')]"
                }
            }
        },
        {
            "type": "Microsoft.Resources/deployments",
            "apiVersion": "2017-05-10",
            "name": "fetchIpAddress",
            "dependsOn": [
                "Microsoft.Resources/deployments/publicIPAddress"
            ],
            "properties": {
                "mode":"Incremental",
                "templateLink": {
                    "uri": "[concat(parameters('tEduCommon').baseTemplateUrl, 'fetchPublicIP.json')]"
                },
                "parameters": {
                    "publicIPAddressId": {
                        "value": "[reference('publicIPAddress').outputs.publicIpId.value]"
                    }
                }
            }
        }
    ],
    "outputs": {
        "publicIpId": {
            "value": "[reference('publicIPAddress').outputs.publicIpId.value]",
            "type": "string"
        },
        "subnetId": {
            "value": "[reference('subnetTemplate').outputs.subnetId.value]",
            "type": "string"
        },
        "publicIp": {
            "value": "[reference('fetchIpAddress').outputs.ipAddress.value]",
            "type": "string"
        },
        "domainNameLabel": {
            "value": "[reference('fetchIpAddress').outputs.domainNameLabel.value]",
            "type": "string"
        }
    }
}
