{
    "$schema": "http://schema.management.azure.com/schemas/2015-01-01/deploymentTemplate.json#",
    "contentVersion": "1.0.0.0",
    "parameters": {
        "tEduCommon": {
            "type": "object"
        },
        "dbFQDN": {
            "type": "string"
        },
        "nfsIpAddress": {
            "type": "string"
        },
        "domainNameLabel": {
            "type": "string"
        }
    },
    "resources": [],
    "variables": {
        "vmSetupParamsObj": {
            "siteProfile": {
                "siteURL": "[parameters('domainNameLabel')]"
            },
            "moodleProfile": {
                "teslaEduAdminUsername": "[parameters('tEduCommon').teslaEduAdminUsername]",
                "teslaEduAdminPassword": "[parameters('tEduCommon').teslaEduAdminPassword]",
                "teslaEduAdminEmail": "[parameters('tEduCommon').teslaEduAdminEmail]"
            },
            "dbServerProfile": {
                "dbFQDN": "[parameters('dbFQDN')]",
                "mysqlAdminUsername": "[parameters('tEduCommon').mysqlAdminUsername]",
                "mysqlAdminPassword": "[parameters('tEduCommon').mysqlAdminPassword]"
            },
            "storageProfile": {
                "nfsIpAddress": "[parameters('nfsIpAddress')]"
            }
        }
    },
    "outputs": {
        "vmSetupParamsObj": {
            "value": "[variables('vmSetupParamsObj')]",
            "type": "object"
        }
    }
}