{
    "$schema": "https://schema.management.azure.com/schemas/2015-01-01/deploymentTemplate.json#",
    "contentVersion": "1.0.0.0",
    "parameters": {
        "tEduCommon": {
            "metadata": {
                "description": "Common Tesla Edu Parameters"
            },
            "type": "object"
        }
    },
    "variables": {
        "storageAccountId": "[resourceId('Microsoft.Storage/storageAccounts', parameters('tEduCommon').storageAccountName)]"
    },
    "resources": [
        {
            "type": "Microsoft.Storage/storageAccounts",
            "apiVersion": "2019-04-01",
            "location": "[parameters('tEduCommon').location]",
            "name": "[parameters('tEduCommon').storageAccountName]",
            "kind": "Storage",
            "sku": {
                "name": "[parameters('tEduCommon').storageAccountType]"
            }
        }
    ]
}
