{
    "$schema": "https://schema.management.azure.com/schemas/2015-01-01/deploymentTemplate.json#",
    "contentVersion": "1.0.0.0",
    "parameters": {
        "counter": {
            "metadata": {
                "description": "from the copyindex function of calling template"
            },
            "type": "int"
        },
        "moodleCommon": {
            "metadata": {
                "description": "Common Moodle values"
            },
            "type": "object"
        },
        "subnetIdSan": {
            "metadata": {
                "description": "Azure resource ID of the subnet where this gluster cluster is to be deployed"
            },
            "type": "string"
        }
    },
    "resources": [
        {
            "type": "Microsoft.Network/networkInterfaces",
            "apiVersion": "2017-10-01",
            "location": "[parameters('moodleCommon').location]",
            "name": "[variables('nicName')]",
            "properties": {
                "ipConfigurations": [
                    {
                        "name": "ipcfggfs",
                        "properties": {
                            "privateIPAllocationMethod": "Dynamic",
                            "subnet": {
                                "id": "[parameters('subnetIdSan')]"
                            }
                        }
                    }
                ],
                "enableAcceleratedNetworking": "[parameters('moodleCommon').enableAccelNwForOtherVmsSwitch]"
            },
            "tags": {
                "displayName": "Gluster VM NIC"
            }
        },
        {
            "type": "Microsoft.Compute/virtualMachines",
            "apiVersion": "2017-03-30",
            "dependsOn": [
                "[concat('Microsoft.Network/networkInterfaces/', variables('nicName'))]"
            ],
            "location": "[parameters('moodleCommon').location]",
            "name": "[variables('vmName')]",
            "properties": {
                "availabilitySet": {
                    "id": "[variables('asRef')]"
                },
                "hardwareProfile": {
                    "vmSize": "[parameters('moodleCommon').fileServerVmSku]"
                },
                "networkProfile": {
                    "networkInterfaces": [
                        {
                            "id": "[variables('nicRef')]"
                        }
                    ]
                },
                "osProfile": {
                    "adminUsername": "[parameters('moodleCommon').sshUsername]",
                    "computerName": "[variables('vmName')]",
                    "linuxConfiguration": {
                        "disablePasswordAuthentication": true,
                        "ssh": {
                            "publicKeys": [
                                {
                                    "path": "[concat('/home/', parameters('moodleCommon').sshUsername, '/.ssh/authorized_keys')]",
                                    "keyData": "[parameters('moodleCommon').sshPublicKey]"
                                }
                            ]
                        }
                    }
                },
                "storageProfile": {
                    "imageReference": "[parameters('moodleCommon').osType]",
                    "osDisk": {
                        "createOption": "FromImage",
                        "managedDisk": {
                            "storageAccountType": "[parameters('moodleCommon').osDiskStorageType]"
                        },
                        "name": "[variables('vmName')]"
                    },
                    "copy": [
                        {
                            "name": "dataDisks",
                            "count": "[parameters('moodleCommon').fileServerDiskCount]",
                            "input": {
                                "managedDisk": {
                                    "storageAccountType": "Premium_LRS"
                                },
                                "diskSizeGB": "[parameters('moodleCommon').fileServerDiskSize]",
                                "lun": "[copyIndex('dataDisks')]",
                                "createOption": "Empty"
                            }
                        }
                    ]
                }
            },
            "tags": {
                "displayName": "Gluster Virtual Machine"
            }
        },
        {
            "condition": "[parameters('moodleCommon').applyScriptsSwitch]",
            "type": "Microsoft.Resources/deployments",
            "apiVersion": "2017-05-10",
            "dependsOn": [
                "[concat('Microsoft.Compute/virtualMachines/',variables('vmName'))]"
            ],
            "name": "[concat(variables('vmName'),'-ScriptProcessor')]",
            "properties": {
                "mode": "Incremental",
                "parameters": {
                    "moodleCommon": {
                        "value": "[parameters('moodleCommon')]"
                    },
                    "vmName": {
                        "value": "[ variables('vmName')]"
                    },
                    "vmNumber": {
                        "value": "[parameters('counter')]"
                    }
                },
                "templateLink": {
                    "uri": "[concat(parameters('moodleCommon').baseTemplateUrl,'glustervmsetup.json',parameters('moodleCommon').artifactsSasToken)]"
                }
            }
        },
        {
            "condition": "[parameters('moodleCommon').azureBackupSwitch]",
            "type": "Microsoft.Resources/deployments",
            "apiVersion": "2017-05-10",
            "dependsOn": [
                "[concat('Microsoft.Compute/virtualMachines/',variables('vmName'))]"
            ],
            "name": "[concat(variables('vmName'),'-Backup')]",
            "properties": {
                "mode": "Incremental",
                "parameters": {
                    "moodleCommon": {
                        "value": "[parameters('moodleCommon')]"
                    },
                    "vmName": {
                        "value": "[variables('vmName')]"
                    }
                },
                "templateLink": {
                    "uri": "[concat(parameters('moodleCommon').baseTemplateUrl,'recoveryservicesEnlist.json',parameters('moodleCommon').artifactsSasToken)]"
                }
            }
        }
    ],
    "variables": {
        "asRef": "[resourceId('Microsoft.Compute/availabilitySets', parameters('moodleCommon').gfxAvailabilitySetName)]",
        "documentation01": "This sub-template create the nodes of the gluster farm",
        "documentation02": "It expects certain values in the 'common' datastructure.",
        "documentation04": " gfxAvailabilitySetName  - name of availability set for the gluster farm",
        "documentation05": " vnetName                - name of virtual network",
        "documentation06": " subnetSan               - name of subnet for gluster",
        "documentation07": " gfsNameRoot             - nameroot for the gluster nodes - combined with counter to get actual name of each node - disk and nic follow the naming scheme",
        "documentation08": " fileServerVmSku           - VM instance size for gluster nodes",
        "documentation09": " sshUsername           - OS accountusername",
        "documentation10": " osType                  - an array of value that specifies the type of VM",
        "documentation15": "This sub-template calls other sub-templates",
        "documentation17": " glustervmconfig         - conditionally applies post-deployment script on the VM",
        "documentation18": " recoveryservicesEnlist  - conditionally enlists the VM into the backup regimen",
        "documentation19": " fileServerDiskCount        - Number of disks to raid0 for the gluster mount",
        "documentation20": " fileServerDiskSize         - Size per disk for gluster",
        "nicName": "[concat(variables('vmName'),'-nic')]",
        "nicRef": "[resourceId('Microsoft.Network/networkInterfaces', variables('nicName'))]",
        "vmName": "[concat(parameters('moodleCommon').gfsNameRoot,parameters('counter'))]"
    }
}
