{
    "$schema": "https://schema.management.azure.com/schemas/2015-01-01/deploymentTemplate.json#",
    "contentVersion": "1.0.0.0",
    "parameters": {
        "moodleCommon": {
            "metadata": {
                "description": "Common Moodle values"
            },
            "type": "object"
        },
        "subnetIdSan": {
            "metadata": {
                "description": "Azure resource ID of the subnet where this gluster cluster is to be deployed"
            },
            "type": "string"
        }
    },
    "resources": [
        {
            "type": "Microsoft.Compute/availabilitySets",
            "apiVersion": "2017-03-30",
            "location": "[parameters('moodleCommon').location]",
            "name": "[parameters('moodleCommon').gfxAvailabilitySetName]",
            "properties": {
                "platformFaultDomainCount": 2,
                "platformUpdateDomainCount": 5
            },
            "sku": {
                "name": "Aligned"
            },
            "tags": {
                "displayName": "Gluster Availability Set"
            }
        },
        {
            "type": "Microsoft.Resources/deployments",
            "apiVersion": "2017-05-10",
            "copy": {
                "count": "[parameters('moodleCommon').fileServerVmCount]",
                "name": "vmloop"
            },
            "dependsOn": [
                "[concat('Microsoft.Compute/availabilitySets/',parameters('moodleCommon').gfxAvailabilitySetName)]"
            ],
            "name": "[concat('glustervm',copyindex())]",
            "properties": {
                "mode": "Incremental",
                "parameters": {
                    "counter": {
                        "value": "[copyindex()]"
                    },
                    "moodleCommon": {
                        "value": "[parameters('moodleCommon')]"
                    },
                    "subnetIdSan": {
                        "value": "[parameters('subnetIdSan')]"
                    }
                },
                "templateLink": {
                    "uri": "[concat(parameters('moodleCommon').baseTemplateUrl,'glustervm.json',parameters('moodleCommon').artifactsSasToken)]"
                }
            }
        }
    ],
    "variables": {
        "documentation1": "This sub-template drives the gluster (scale-out network-attached storage file system) creation process.",
        "documentation2": "It expects certain values in the 'common' datastructure.",
        "documentation4": "    gfxAvailabilitySetName  - name of availability set for the gluster farm",
        "documentation5": "    fileServerVmCount          - number of nodes to create",
        "documentation6": "This sub-template calls other sub-templates",
        "documentation7": "    glustervm - number of nodes in the gluster farm"
    }
}
