{
    "$schema": "http://schema.management.azure.com/schemas/2015-01-01/deploymentTemplate.json",
    "contentVersion": "1.0.0.0",
    "parameters": {
        "moodleCommon": {
            "metadata": {
                "description": "Common Moodle values"
            },
            "type": "object"
        },
        "subnetIdRedis": {
            "metadata": {
                "description": "Azure resource ID of the subnet where this Redis instance is to be deployed"
            },
            "type": "string"
        }
    },
    "resources": [
        {
            "type": "Microsoft.Cache/Redis",
            "apiVersion": "2016-04-01",
            "location": "[parameters('moodleCommon').location]",
            "name": "[parameters('moodleCommon').redisCacheName]",
            "properties": {
                "enableNonSslPort": true,
                "sku": {
                    "capacity": 1,
                    "family": "P",
                    "name": "Premium"
                },
                "subnetId": "[parameters('subnetIdRedis')]"
            }
        }
    ],
    "variables": {
        "documentation1": "This sub-template creates a redis cache.  It expects certain values in the 'common' datastructure.",
        "documentation2": " redisCacheName - name of cache",
        "redisResourceId": "[resourceId('Microsoft.Cache/Redis', parameters('moodleCommon').redisCacheName)]"
    },
    "outputs": {
        "redisKey": {
            "value": "[listKeys(variables('redisResourceId'), '2016-04-01').primaryKey]",
            "type": "string"
        }
    }
}
