{
    "$schema": "https://schema.management.azure.com/schemas/0.1.2-preview/CreateUIDefinition.MultiVm.json#",
    "handler": "Microsoft.Compute.MultiVm",
    "version": "0.1.2-preview",
    "parameters": {
        "basics": [],
        "steps": [
            {
                "name": "vmConfig",
                "label": "Virtual Machine Configuration",
                "subLabel": {
                    "preValidation": "Configure the Virtual Machine settings",
                    "postValidation": "Done"
                },
                "bladeTitle": "Virtual Machine Settings",
                "elements": [
                    {
                        "name": "adminUsername",
                        "type": "Microsoft.Compute.UserNameTextBox",
                        "label": "Username",
                        "toolTip": "Administrator Username for OMS4RMS Parser",
                        "osPlatform": "Windows",
                        "constraints": {
                            "required": true,
                            "regex": "^[a-zA-Z][a-zA-Z]{3,15}$",
                            "validationMessage": "Only letters are allowed, and minimum 4 characters"
                        }
                    },
                    {
                        "name": "adminPassword",
                        "type": "Microsoft.Compute.CredentialsCombo",
                        "label": {
                            "password": "Password",
                            "confirmPassword": "Confirm Password"
                        },
                        "toolTip": {
                            "password": "Administrator Password for OMS4RMS Parser"
                        },
                        "osPlatform": "Windows",
                        "constraints": {
                            "required": true
                        }
                    },
                    {
                        "name": "windowsOSVersion",
                        "type": "Microsoft.Common.DropDown",
                        "label": "Windows Version",
                        "defaultValue": "2016-Datacenter",
                        "toolTip": "Windows version",
                        "constraints": {
                            "allowedValues": [
                                {
                                    "label": "Windows 2016 Datacenter",
                                    "value": "2016-Datacenter"
                                }
                            ],
                            "required": true
                        },
                        "visible": true
                    },
                    {
                        "name": "vmSize",
                        "type": "Microsoft.Compute.SizeSelector",
                        "label": "Virtual machine size",
                        "toolTip": "The size of virtual machine to provision.",
                        "recommendedSizes": [
                            "Standard_D1_v2",
                            "Standard_D2_v2",
                            "Standard_A2_v2"
                        ],
                        "osPlatform": "Windows",
                        "count": "1"
                    },
                    {
                        "name": "storageAccount",
                        "type": "Microsoft.Storage.StorageAccountSelector",
                        "label": "Storage Account",
                        "toolTip": "Storage Account for the Virtual Machine",
                        "defaultValue": {
                            "type": "Standard_LRS",
                            "name": "[concat('oms4rmsparser', take(replace(guid(), '-', ''), 10))]"
                        },
                        "constraints": {
                            "allowedTypes": [
                                "Premium_LRS",
                                "Standard_LRS",
                                "Standard_GRS"
                            ]
                        }
                    },
                    {
                        "name": "dnsLabelPrefix",
                        "type": "Microsoft.Network.PublicIpAddressCombo",
                        "label": {
                            "publicIpAddress": "DNS Label Prefix",
                            "domainNameLabel": "Domain name label"
                        },
                        "toolTip": {
                            "publicIpAddress": "Public IP address for OMS4RMS Parser Virtual Machine",
                            "domainNameLabel": "Unique DNS name for the Public IP Address used to access the Virtual Machine"
                        },
                        "constraints": {
                            "required": {
                                "domainNameLabel": true,
                                "regex": "^[a-z][a-z0-9]{1,9}$",
                                "validationMessage": "Only small letters are allowed, and the value must be between 2 and 10 characters long."
                            }
                        },
                        "options": {
                            "hideNone": true
                        }
                    },
                    {
                        "name": "sourceIPAddress",
                        "type": "Microsoft.Common.TextBox",
                        "label": "Source IP Address",
                        "toolTip": "Source IP Address in CIDR format for Accessing Remote Desktop to Virtual Machine on port 3389. Default * which means allow from all addresses.",
                        "constraints": {
                            "required": true,
                            "regex": "^[*]|([0-9]{1,3}.){3}[0-9]{1,3}(\/([0-9]|[1-2][0-9]|3[0-2]))?$",
                            "validationMessage": "Valid IP Address, CIDR Notation or * allowed"
                        }
                    }
                ]
            }
        ],
        "outputs": {
            "location": "[location()]",
            "adminUsername": "[steps('vmConfig').adminUsername]",
            "adminPassword": "[steps('vmConfig').adminPassword]",
            "windowsOSVersion": "[steps('vmConfig').windowsOSVersion]",
            "dnsLabelPrefix": "[steps('vmConfig').dnsLabelPrefix.domainNameLabel]",
            "sourceIPAddress": "[steps('vmConfig').sourceIPAddress]",
            "vmSize": "[steps('vmConfig').vmSize]",
            "storageNewOrExisting": "[steps('vmConfig').storageAccount.newOrExisting]",
            "storageAccountName": "[steps('vmConfig').storageAccount.name]",
            "storageAccountType": "[steps('vmConfig').storageAccount.type]",
            "storageAccountResourceGroupName": "[steps('vmConfig').storageAccount.resourceGroup]"
        }
    }
}