{
    "$schema": "https://schema.management.azure.com/schemas/2015-01-01/deploymentTemplate.json#",
    "contentVersion": "1.0.0.0",
    "parameters": {
        "adminUsername": {
            "type": "string",
            "metadata": {
                "description": "Administrator Username for OMS4RMS Parser"
            }
        },
        "adminPassword": {
            "type": "securestring",
            "metadata": {
                "description": "Administrator Password for OMS4RMS Parser"
            }
        },
        "dnsLabelPrefix" : {
			"type" : "string",
			"metadata" : {
				"description" : "Unique DNS name for the Public IP Address used to access the Virtual Machine"
			}
		},
		"windowsOSVersion" : {
			"type" : "string",
			"defaultValue" : "2016-Datacenter",
			"allowedValues" : [
				"2016-Datacenter"
			],
			"metadata" : {
				"description" : "The Windows version of the Virtual Machine"
			}
        },
        "sourceIPAddress": {
            "type": "string",
            "defaultValue": "*",
            "metadata": {
                "description": "Source IP Address in CIDR format for Accessing Remote Desktop to Virtual Machine on port 3389. Default * which means allow from all addresses."
            }
        },
        "location": {
            "type": "string",
            "defaultValue": "[resourceGroup().location]",
            "metadata": {
                "description": "Location for the resources"
            }
        },
        "vmSize": {
            "type": "string",
            "defaultValue": "Standard_D1_v2",
            "metadata": {
              "description": "Size for the Virtual Machine."
            }
        },
        "storageNewOrExisting": {
            "type": "string",
            "defaultValue": "new",
            "metadata": {
              "description": "Determines whether or not a new storage account should be provisioned."
            }
        },
        "storageAccountName": {
          "type": "string",
          "defaultValue": "[concat('storage', uniqueString(resourceGroup().id))]",
          "metadata": {
            "description": "Name of the storage account"
          }
        },
        "storageAccountType": {
          "type": "string",
          "defaultValue": "Standard_LRS",
          "metadata": {
            "description": "Storage account type"
          }
        },
        "storageAccountResourceGroupName": {
          "type": "string",
          "defaultValue": "[resourceGroup().name]",
          "metadata": {
            "description": "Name of the resource group for the existing storage account"
          }
        }       
    },
    "variables": {
        "nicName": "oms4rmsVMNic",
        "addressPrefix": "10.0.0.0/16",
        "subnetName": "oms4rmsSubnet",
        "subnetPrefix" : "10.0.0.0/24",
        "publicIPAddressName": "oms4rmsPublicIP",
        "vmName": "OMS4RMS-Parser",
        "networkSecurityGroupName": "OMS4RMS-NSG",
        "virtualNetworkName": "oms4rmsVNET",
        "subnetRef": "[resourceId('Microsoft.Network/virtualNetworks/subnets', variables('virtualNetworkName'), variables('subnetName'))]",
        "scriptCommand": "powershell -ExecutionPolicy Unrestricted -File .\\oms4rmsInstall.ps1",
        "extensionName": "OMS4RMS_Parser_Software",
        "scriptUris": [
            "[uri(deployment().properties.templateLink.uri, 'scripts/OMS4RMS_Setup.msi')]",
            "[uri(deployment().properties.templateLink.uri, 'scripts/oms4rms.ps1')]",
            "[uri(deployment().properties.templateLink.uri, 'scripts/oms4rmsInstall.ps1')]"
        ],
    },
    "resources" : [
    {
        "condition": "[equals(parameters('storageNewOrExisting'), 'new')]",
        "type" : "Microsoft.Storage/storageAccounts",
        "apiVersion" : "2018-02-01",
        "name" : "[parameters('storageAccountName')]",
        "location" : "[parameters('location')]",
        "sku" : {
            "name" : "[parameters('storageAccountType')]"
        },
        "kind" : "Storage",
        "properties" : {}
    }, 
    {
        "type": "Microsoft.Network/networkSecurityGroups",
        "apiVersion": "2018-02-01",
        "location": "[parameters('location')]",
        "name": "[variables('networkSecurityGroupName')]",
        "properties": {
            "securityRules": [{
                "name": "allow-remote-rdp",
                "properties": {
                    "priority": 1000,
                    "sourceAddressPrefix": "[parameters('sourceIPAddress')]",
                    "protocol": "Tcp",
                    "destinationPortRange": "3389",
                    "access": "Allow",
                    "direction": "Inbound",
                    "sourcePortRange": "*",
                    "destinationAddressPrefix": "*"
                }
            }]
        }
    },
    {
        "type" : "Microsoft.Network/publicIPAddresses",
        "apiVersion" : "2018-02-01",
        "name" : "[variables('publicIPAddressName')]",
        "location" : "[parameters('location')]",
        "properties" : {
            "publicIPAllocationMethod" : "Dynamic",
            "dnsSettings" : {
                "domainNameLabel" : "[parameters('dnsLabelPrefix')]"
            }
        }
    }, {
        "type" : "Microsoft.Network/virtualNetworks",
        "apiVersion" : "2018-02-01",
        "name" : "[variables('virtualNetworkName')]",
        "location" : "[parameters('location')]",
        "properties" : {
            "addressSpace" : {
                "addressPrefixes" : [
                    "[variables('addressPrefix')]"
                ]
            },
            "subnets" : [{
                    "name" : "[variables('subnetName')]",
                    "properties" : {
                        "addressPrefix" : "[variables('subnetPrefix')]"
                    }
                }
            ]
        }
    }, {
        "type" : "Microsoft.Network/networkInterfaces",
        "apiVersion" : "2018-02-01",
        "name" : "[variables('nicName')]",
        "location" : "[parameters('location')]",
        "dependsOn" : [
            "[resourceId('Microsoft.Network/publicIPAddresses/', variables('publicIPAddressName'))]",
            "[resourceId('Microsoft.Network/virtualNetworks/', variables('virtualNetworkName'))]"
        ],
        "properties" : {
            "ipConfigurations" : [{
                    "name" : "ipconfig1",
                    "properties" : {
                        "privateIPAllocationMethod" : "Dynamic",
                        "publicIPAddress" : {
                            "id" : "[resourceId('Microsoft.Network/publicIPAddresses', variables('publicIPAddressName'))]"
                        },
                        "subnet" : {
                            "id" : "[variables('subnetRef')]"
                        }
                    }
                }
            ],
            "networkSecurityGroup": {
                "id": "[resourceId('Microsoft.Network/networkSecurityGroups', variables('networkSecurityGroupName'))]"
            }
        }
    }, {
        "type" : "Microsoft.Compute/virtualMachines",
        "apiVersion" : "2019-03-01",
        "name" : "[variables('vmName')]",
        "location" : "[parameters('location')]",
        "dependsOn" : [
            "[resourceId('Microsoft.Storage/storageAccounts/', parameters('storageAccountName'))]",
            "[resourceId('Microsoft.Network/networkInterfaces/', variables('nicName'))]"
        ],
        "properties" : {
            "hardwareProfile" : {
                "vmSize" : "[parameters('vmSize')]"
            },
            "osProfile" : {
                "computerName" : "[variables('vmName')]",
                "adminUsername" : "[parameters('adminUsername')]",
                "adminPassword" : "[parameters('adminPassword')]"
            },
            "storageProfile" : {
                "imageReference" : {
                    "publisher" : "MicrosoftWindowsServer",
                    "offer" : "WindowsServer",
                    "sku" : "[parameters('windowsOSVersion')]",
                    "version" : "latest"
                },
                "osDisk" : {
                    "createOption" : "FromImage"
                }
            },
            "networkProfile" : {
                "networkInterfaces" : [{
                        "id" : "[resourceId('Microsoft.Network/networkInterfaces/', variables('nicName'))]"
                    }
                ]
            },
            "diagnosticsProfile" : {
                "bootDiagnostics" : {
                    "enabled" : true,
                    "storageUri": "[reference(resourceId(parameters('storageAccountResourceGroupName'), 'Microsoft.Storage/storageAccounts/', parameters('storageAccountName')), '2017-06-01').primaryEndpoints.blob]"
                }
            }
        }
    }, {
        "type": "Microsoft.Compute/virtualMachines/extensions",
        "apiVersion": "2017-03-30",
        "name": "[concat(variables('vmName'), '/', variables('extensionName'))]",
        "location": "[parameters('location')]",
        "dependsOn": [
            "[resourceId('Microsoft.Compute/virtualMachines/', variables('vmName'))]"
        ],
        "properties": {
            "publisher": "Microsoft.Compute",
            "type": "CustomScriptExtension",
            "typeHandlerVersion": "1.8",
            "autoUpgradeMinorVersion": true,
            "settings": {
                "fileUris": "[variables('scriptUris')]",
                "commandToExecute": "[variables('scriptCommand')]"
            },
            "protectedSettings": {
            }
        }
    }
    ],
    "outputs": {
        "hostname" : {
			"type" : "string",
			"value" : "[reference(variables('publicIPAddressName')).dnsSettings.fqdn]"
		}
    }
}