{
    "$schema": "https://schema.management.azure.com/schemas/2015-01-01/deploymentTemplate.json#",
    "contentVersion": "1.0.0.0",
    "parameters": {
        "teslaEduAdminUsername": {
            "type": "string",
            "defaultValue": "bramar",
            "metadata": {
                "description": "Admin username for TeslaEDU portal"
            }
        },
        "storageAccountName": {
            "type": "string",
            "metadata": {
                "description": "Storage account name"
            }
        },
        "storageNewOrExisting": {
            "type": "string",
            "defaultValue": "new",
            "metadata": {
                "description": "New or existing storage"
            }
        },
        "location": {
            "type": "string"
        },
        "storageAccountType": {
            "type": "string"
        },
        "teslaEduAdminPassword": {
            "type": "securestring",
            "defaultValue": "#lfaRomeo156",
            "metadata": {
                "description": "Admin password for TeslaEDU"
            }
        },
        "teslaEduAdminEmail": {
            "type": "string",
            "defaultValue": "dummpy@example.com",
            "metadata": {
                "description": "Admin Email for TeslaEDU"
            }
        },
        "adminUsername": {
            "type": "string",
            "defaultValue": "bramar",
            "metadata": {
                "description": "Admin username for Linux virtual machines"
            }
        },
        "adminPassword": {
            "type": "securestring",
            "metadata": {
                "description": "Admin password for Linux virtual machines"
            },
            "defaultValue": "AlfaRomeo156"
        },
        "vnetName": {
            "type": "string",
            "defaultValue": "tEduVNet",
            "metadata": {
                "description": "Virtual Network name"
            }
        },
        "vnetAddressPrefix": {
            "type": "string",
            "defaultValue": "10.0.0.0/16",
            "metadata": {
                "description": "Address prefix for Virtual Network"
            }
        },
        "vnetNewOrExisting": {
            "type": "string",
            "defaultValue": "new"
        },
        "addressPrefix": {
            "type": "string",
            "defaultValue": "10.0.0.0/24",
            "metadata": {
                "description": "Private Subnet address prefix for Linux machines"
            }
        },
        "publicIPNewOrExisting": {
            "type": "string",
            "defaultValue": "new"
        },
        "dnsNameForPublicIP": {
            "type": "string",
            "defaultValue": "tedupip",
            "metadata": {
                "description": "Domain name prefix for Tesla EDU service. This will be used to access Tesla Edu Service"
            }
        },
        "mysqlAdminUsername": {
            "type": "string",
            "defaultValue": "bramar",
            "metadata": {
                "description": "MySQL Administrator Username"
            }
        },
        "mysqlAdminPassword": {
            "type": "securestring",
            "defaultValue": "@lfaRomeo156",
            "metadata": {
                "description": "MySQL Administrator Password"
            }
        },
        "nfsDiskSize": {
            "type": "int",
            "defaultValue": 120,
            "allowedValues": [
                80,
                100,
                120,
                150,
                200,
                250,
                300
            ],
            "metadata": {
                "description": "NFS Disk size for Moodle Repository"
            }
        },        
        "mysqlSkuTier": {
            "type": "string",
            "allowedValues": [
                "Basic",
                "GeneralPurpose",
                "MemoryOptimized"
            ],
            "defaultValue": "GeneralPurpose"
        },
        "mysqlSkuHwFamily": {
            "type": "string",
            "allowedValues": [
                "Gen4",
                "Gen5"
            ],
            "defaultValue": "Gen5"
        },
        "mysqlVersion": {
            "type": "string",
            "allowedValues": [
                "5.6",
                "5.7"
            ],
            "defaultValue": "5.7"
        },
        "publicIPAddressName": {
            "type": "string"
        }
    },
    "variables": {
        "_artifactLocation": "[deployment().properties.templateLink.uri]"
    },
    "resources": [
        {
            "apiVersion": "2018-02-01",
            "name": "pid-cd58f872-faf7-5023-a7cc-c2e38b301a95",
            "type": "Microsoft.Resources/deployments",
            "properties": {
                "mode": "Incremental",
                "template": {
                    "$schema": "https://schema.management.azure.com/schemas/2015-01-01/deploymentTemplate.json#",
                    "contentVersion": "1.0.0.0",
                    "resources": []
                }
            }
        },        
        {
            "type": "Microsoft.Resources/deployments",
            "apiVersion": "2017-05-10",
            "name": "mainTemplate",
            "properties": {
                "mode":"Incremental",
                "parameters": {
                    "storageAccountName": { "value": "[parameters('storageAccountName')]" },
                    "storageNewOrExisting": { "value": "[parameters('storageNewOrExisting')]" },
                    "storageAccountType": { "value": "[parameters('storageAccountType')]" },
                    "location": { "value": "[parameters('location')]" },
                    "adminUsername": { "value": "[parameters('adminUsername')]" },
                    "adminPassword": { "value": "[parameters('adminPassword')]" },
                    "mysqlPgresVcores": { "value": 8 },
                    "mysqlPgressStgSizeGB": { "value": 128 },
                    "nfsDiskSize": { "value": "[parameters('nfsDiskSize')]" },
                    "vnetName": { "value": "[parameters('vnetName')]" },
                    "vnetAddressPrefix": { "value": "[parameters('vnetAddressPrefix')]" },
                    "vnetNewOrExisting": { "value": "[parameters('vnetNewOrExisting')]" },
                    "addressPrefix": { "value": "[parameters('addressPrefix')]"},
                    "publicIPNewOrExisting": { "value": "[parameters('publicIPNewOrExisting')]" },
                    "dnsNameForPublicIP": { "value": "[parameters('dnsNameForPublicIP')]"},
                    "mysqlAdminUsername": { "value": "[parameters('mysqlAdminUsername')]"},
                    "mysqlAdminPassword": { "value": "[parameters('mysqlAdminPassword')]"},
                    "mysqlSkuTier": { "value": "[parameters('mysqlSkuTier')]"},
                    "mysqlSkuHwFamily": { "value": "[parameters('mysqlSkuHwFamily')]"},
                    "mysqlVersion": { "value": "[parameters('mysqlVersion')]" },
                    "teslaEduAdminUsername": { "value": "[parameters('teslaEduAdminUsername')]" },
                    "teslaEduAdminPassword": { "value": "[parameters('teslaEduAdminPassword')]" },
                    "teslaEduAdminEmail": { "value": "[parameters('teslaEduAdminEmail')]" },
                    "publicIPAddressName": { "value": "[parameters('publicIPAddressName')]" }
                },
                "templateLink": {
                    "uri": "[uri(variables('_artifactLocation'), 'templates/deployMoodle.json')]"
                }
            }
        }
    ]
}
