{
    "$schema": "https://schema.management.azure.com/schemas/0.1.2-preview/CreateUIDefinition.MultiVm.json#",
    "handler": "Microsoft.Compute.MultiVm",
    "version": "0.1.2-preview",
    "parameters": {
        "basics": [],
        "steps": [
            {
                "name": "vmConfig",
                "label": "Virtual Machines configuration",
                "subLabel": {
                    "preValidation": "Configure the Virtual Machines settings",
                    "postValidation": "Done"
                },
                "bladeTitle": "Virtual Machines Settings",
                "elements": [
                    {
                        "name": "adminUsername",
                        "type": "Microsoft.Compute.UserNameTextBox",
                        "label": "Username",
                        "toolTip": "Admin username for VMs",
                        "constraints": {
                            "required": true,
                            "regex": "^[a-zA-Z][a-zA-Z]{3,15}$",
                            "validationMessage": "Only letters allowed and minimum 4 characters"
                        }
                    },
                    {
                        "name": "adminPassword",
                        "type": "Microsoft.Compute.CredentialsCombo",
                        "label": {
                            "password": "Password",
                            "confirmPassword": "Confirm Password"
                        },
                        "toolTip": {
                            "password": "Admin Password for VMs"
                        },
                        "osPlatform": "Linux",
                        "constraints": {
                            "required": true
                        }
                    },
                    {
                        "name": "ubuntuOSVersion",
                        "type": "Microsoft.Common.DropDown",
                        "label": "Linux Version",
                        "defaultValue": "16.04.0-LTS",
                        "toolTip": "Linux OS Version",
                        "constraints": {
                            "allowedValues": [
                                {
                                    "label": "Ubuntu 16.04 LTS",
                                    "value": "16.04.0-LTS"
                                }
                            ],
                            "required": true
                        },
                        "visible": true
                    },
                    {
                        "name": "vmSize",
                        "type": "Microsoft.Compute.SizeSelector",
                        "label": "Virtual machine size",
                        "toolTip": "The size of virtual machine to provision.",
                        "recommendedSizes": [
                            "Standard_D1_v2",
                            "Standard_D2_v2",
                            "Standard_A2_v2"
                        ],
                        "osPlatform": "Linux"
                    },
                    {
                        "name": "storageAccountName",
                        "type": "Microsoft.Storage.StorageAccountSelector",
                        "label": "Storage Account",
                        "toolTip": "Storage Account for Virtual Machines",
                        "defaultValue": {
                            "type": "Standard_LRS",
                            "name": "[concat('testu', take(replace(guid(), '-'. ''), 10))]"
                        },
                        "constraints": {
                            "allowedTypes": [
                                "Premium_LRS",
                                "Standard_LRS",
                                "Standard_GRS"
                            ]
                        }
                    },
                    {
                        "name": "dnsNameforLBIP",
                        "type": "Microsoft.Network.PublicIpAddressCombo",
                        "label": {
                            "publicIpAddress": "DNS Label Prefix",
                            "domainNameLabel": "Domain name label"
                        },
                        "toolTip": {
                            "publicIpAddress": "Public IP address for Tesla EDU Load Balancer",
                            "domainNameLabel": "Unique DNS name for the Public IP Address used to access the Virtual Machine"
                        },
                        "constraints": {
                            "required": {
                                "domainNameLabel": true,
                                "regex": "^[a-z][a-z0-9]{1,9}$",
                                "validationMessage": "Only small letters are allowed, and the value must be between 2 and 10 characters long."
                            }
                        },
                        "options": {
                            "hideNone": true
                        }
                    }
                ]
            }
        ],
        "outputs": {
            "location": "[location()]",
            "adminUsername": "[steps('vmConfig').adminUsername]",
            "adminPassword": "[steps('vmConfig').adminPassword.password]",
            "ubuntuOSVersion": "[steps('vmConfig').ubuntuOSVersion]",
            "dnsNameforLBIP": "[steps('vmConfig').dnsNameforLBIP.domainNameLabel]",
            "vmSize": "[steps('vmConfig').vmSize]",
            "storageNewOrExisting": "[steps('vmConfig').storageAccountName.newOrExisting]",
            "storageAccountName": "[steps('vmConfig').storageAccountName.name]",
            "storageAccountType": "[steps('vmConfig').storageAccountName.type]",
            "storageAccountResourceGroupName": "[steps('vmConfig').storageAccountName.resourceGroup]"
        }
    }
}