{
    "$schema": "https://schema.management.azure.com/schemas/2015-01-01/deploymentTemplate.json",
    "contentVersion": "1.0.0.0",
    "parameters": {
        "storageAccountName": {
            "type": "string",
            "metadata": {
                "description": "Name of storage account"
            }
        },
        "storageNewOrExisting": {
            "type": "string",
            "defaultValue": "new",
            "metadata": {
                "description": "New or Existing storage"
            }
        },
        "adminUsername": {
            "type": "string",
            "metadata": {
                "description": "Admin username for VMs"
            }
        },
        "adminPassword": {
            "type": "securestring",
            "metadata": {
                "description": "Admin password for VMs"
            }
        },
        "nicNamePrefix": {
            "type": "string",
            "defaultValue": "TEduNIC",
            "metadata": {
                "description": "Network Interface name prefix"
            }
        },
        "dnsNameforLBIP": {
            "type": "string",
            "metadata": {
                "description": "DNS FQDN Prefix for Load Balancer IP"
            }
        },
        "location": {
            "type": "string",
            "defaultValue": "[resourceGroup().location]",
            "metadata": {
                "description": "Location for all resources"
            }
        },
        "vmNamePrefix": {
            "type": "string",
            "defaultValue": "TEdu",
            "metadata": {
                "description": "Prefix to use for VM Names"
            }
        },
        "ubuntuOSVersion": {
            "type": "string",
            "defaultValue": "16.04.0-LTS",
            "allowedValues": [
                "16.04.0-LTS"
            ],
            "metadata": {
                "description": "Ubuntu Version to install"
            }
        },
        "lbName": {
            "type": "string",
            "defaultValue": "TEduLB",
            "metadata": {
                "description": "Load Balancer name"
            }
        },
        "vnetName": {
            "type": "string",
            "defaultValue": "TEduVNet",
            "metadata": {
                "description": "Virtual Network name"
            }
        },
        "publicIPAddressName": {
            "type": "string",
            "defaultValue": "TEduPublicIP",
            "metadata": {
                "description": "Name for PUBLIC IP"
            }
        },
        "vmSize": {
            "type": "string",
            "defaultValue": "Standard_D4s_v3"
        },
        "storageAccountType": {
            "type": "string",
            "defaultValue": "Standard_LRS",
            "metadata": {
              "description": "Storage account type"
            }
        },
        "storageAccountResourceGroupName": {
            "type": "string",
            "defaultValue": "[resourceGroup().name]",
            "metadata": {
              "description": "Name of the resource group for the existing storage account"
            }
        } 
    },
    "variables": {
        "storageAccountType": "[parameters('storageAccountType')]",
        "availabilitySetName": "myAvSet",
        "addressPrefix": "10.0.0.0/16",
        "subnetName": "Subnet-1",
        "subnetPrefix": "10.0.0.0/24",
        "publicIPAddressType": "Dynamic",
        "subnetRef": "[resourceId('Microsoft.Network/virtualNetworks/subnets', parameters('vnetName'), variables('subnetName'))]",
        "publicIPAddressID": "[resourceId('Microsoft.Network/publicIPAddresses', parameters('publicIPAddressName'))]",
        "numberOfInstances": 2,
        "lbID": "[resourceId('Microsoft.Network/loadBalancers', parameters('lbName'))]",
        "frontEndIPConfigID": "[concat(variables('lbID'), '/frontendIPConfigurations/LoadBalancerFrontEnd')]",
        "lbPoolID": "[concat(variables('lbID'), '/backendAddressPools/BackendPool1')]",
        "lbProbeID": "[concat(variables('lbID'),'/probes/tcpProbe')]",
        "vmSize": "[parameters('vmSize')]"
    },
    "resources": [
        {
            "type": "Microsoft.Storage/storageAccounts",
            "name": "[parameters('storageAccountName')]",
            "apiVersion": "2018-02-01",
            "location": "[parameters('location')]",
            "condition": "[equals(parameters('storageNewOrExisting'), 'new')]",
            "sku": {
                "name": "[variables('storageAccountType')]"
            },
            "properties": {},
            "kind": "Storage"
        },
        {
            "type": "Microsoft.Compute/availabilitySets",
            "name": "[variables('availabilitySetName')]",
            "apiVersion": "2017-03-30",
            "location": "[parameters('location')]",
            "properties": {
                "platformUpdateDomainCount": 2,
                "platformFaultDomainCount": 2
            },
            "sku": {
                "name": "aligned"
            }
        },
        {
            "type": "Microsoft.Network/publicIPAddresses",
            "apiVersion": "2018-02-01",
            "name": "[parameters('publicIPAddressName')]",
            "location": "[parameters('location')]",
            "properties": {
                "publicIPAllocationMethod": "[variables('publicIPAddressType')]",
                "dnsSettings": {
                    "domainNameLabel": "[parameters('dnsNameforLBIP')]"
                }
            }
        },
        {
            "type": "Microsoft.Network/virtualNetworks",
            "apiVersion": "2018-02-01",
            "name": "[parameters('vnetName')]",
            "location": "[parameters('location')]",
            "properties": {
                "addressSpace": {
                    "addressPrefixes": [
                        "[variables('addressPrefix')]"
                    ]
                },
                "subnets": [
                    {
                        "name": "[variables('subnetName')]",
                        "properties": {
                            "addressPrefix": "[variables('subnetPrefix')]"
                        }
                    }
                ]
            }
        },
        {
            "type": "Microsoft.Network/networkInterfaces",
            "apiVersion": "2018-02-01",
            "name": "[concat(parameters('nicNamePrefix'), '-LBNIC', copyIndex())]",
            "location": "[parameters('location')]",
            "copy": {
                "name": "nicLoop",
                "count": "[variables('numberOfInstances')]"
            },
            "dependsOn": [
                "[concat('Microsoft.Network/virtualNetworks/', parameters('vnetName'))]",
                "[concat('Microsoft.Network/loadBalancers/', parameters('lbName'))]"
            ],
            "properties": {
                "ipConfigurations": [
                    {
                        "name": "ipconfig1",
                        "properties": {
                            "privateIPAllocationMethod":"Dynamic",
                            "subnet": {
                                "id": "[variables('subnetRef')]"
                            },
                            "loadBalancerBackendAddressPools": [
                                {
                                    "id": "[concat(variables('lbID'), '/backendAddressPools/BackendPool1')]"
                                }
                            ],
                            "loadBalancerInboundNatRules": [
                                {
                                    "id": "[concat(variables('lbID'), '/inboundNatRules/RDP-VM', copyIndex())]"
                                }
                            ]
                        }
                    }
                ]
            }
        },
        {
            "type": "Microsoft.Network/networkInterfaces",
            "apiVersion": "2018-02-01",
            "name": "[concat(parameters('nicNamePrefix'), '-CONFNIC')]",
            "location": "[parameters('location')]",
            "dependsOn": [
                "[concat('Microsoft.Network/virtualNetworks/', parameters('vnetName'))]"
            ],
            "properties": {
                "ipConfigurations": [
                    {
                        "name": "ipconfig1",
                        "properties": {
                            "privateIPAllocationMethod": "Dynamic",
                            "subnet": {
                                "id": "[variables('subnetRef')]"
                            }
                        }
                    }
                ]
            }
        },
        {
            "type": "Microsoft.Network/networkInterfaces",
            "apiVersion": "2018-02-01",
            "name": "[concat(parameters('nicNamePrefix'), '-MEMCACHEDNIC')]",
            "location": "[parameters('location')]",
            "dependsOn": [
                "[concat('Microsoft.Network/virtualNetworks/', parameters('vnetName'))]"
            ],
            "properties": {
                "ipConfigurations": [
                    {
                        "name": "ipconfig1",
                        "properties": {
                            "privateIPAllocationMethod": "Dynamic",
                            "subnet": {
                                "id": "[variables('subnetRef')]"
                            }
                        }
                    }
                ]
            }
        },
        {
            "type": "Microsoft.Network/networkInterfaces",
            "apiVersion": "2018-02-01",
            "name": "[concat(parameters('nicNamePrefix'), '-MYSQLNIC')]",
            "location": "[parameters('location')]",
            "dependsOn": [
                "[concat('Microsoft.Network/virtualNetworks/', parameters('vnetName'))]"
            ],
            "properties": {
                "ipConfigurations": [
                    {
                        "name": "ipconfig1",
                        "properties": {
                            "privateIPAllocationMethod": "Dynamic",
                            "subnet": {
                                "id": "[variables('subnetRef')]"
                            }
                        }
                    }
                ]
            }
        },
        {
            "type": "Microsoft.Network/loadBalancers",
            "name": "[parameters('lbName')]",
            "apiVersion": "2018-02-01",
            "location": "[parameters('location')]",
            "dependsOn": [
                "[concat('Microsoft.Network/publicIPAddresses/', parameters('publicIPAddressName'))]"
            ],
            "properties": {
                "frontendIPConfigurations": [
                    {
                        "name": "LoadBalancerFrontEnd",
                        "properties": {
                            "publicIPAddress": {
                                "id": "[variables('publicIPAddressID')]"
                            }
                        }
                    }
                ],
                "backendAddressPools": [
                    {
                        "name": "BackendPool1"
                    }
                ],
                "inboundNatRules": [
                    {
                        "name": "RDP-VM0",
                        "properties": {
                            "frontendIPConfiguration": {
                                "id": "[variables('frontEndIPConfigID')]"
                            },
                            "protocol": "Tcp",
                            "frontendPort": 50001,
                            "backendPort": 22,
                            "enableFloatingIP": false
                        }
                    },
                    {
                        "name": "RDP-VM1",
                        "properties": {
                            "frontendIPConfiguration": {
                                "id": "[variables('frontEndIPConfigID')]"
                            },
                            "protocol": "Tcp",
                            "frontendPort": 50002,
                            "backendPort": 22,
                            "enableFloatingIP": false
                        }
                    }
                ],
                "loadBalancingRules": [
                    {
                        "name": "LBRule",
                        "properties": {
                            "frontendIPConfiguration": {
                                "id": "[variables('frontEndIPConfigID')]"
                            },
                            "backendAddressPool": {
                                "id": "[variables('lbPoolID')]"
                            },
                            "protocol": "Tcp",
                            "frontendPort": 80,
                            "backendPort": 80,
                            "enableFloatingIP": false,
                            "idleTimeoutInMinutes": 5,
                            "probe": {
                                "id": "[variables('lbProbeID')]"
                            }
                        }
                    }
                ],
                "probes": [
                    {
                        "name": "tcpProbe",
                        "properties": {
                            "protocol": "Tcp",
                            "port": 80,
                            "intervalInSeconds": 5,
                            "numberOfProbes": 2
                        }
                    }
                ]
            }
        },
        {
            "type": "Microsoft.Compute/virtualMachines",
            "apiVersion": "2017-03-30",
            "name": "[concat(parameters('vmNamePrefix'), '-LB', copyIndex())]",
            "copy": {
                "name": "virtualMachineLoop",
                "count": "[variables('numberOfInstances')]"
            },
            "location": "[parameters('location')]",
            "dependsOn": [
                "[concat('Microsoft.Storage/storageAccounts/', parameters('storageAccountName'))]",
                "[concat('Microsoft.Network/networkInterfaces/', parameters('nicNamePrefix'), '-LBNIC', copyIndex())]",
                "[concat('Microsoft.Compute/availabilitySets/', variables('availabilitySetName'))]"
            ],
            "properties": {
                "availabilitySet": {
                    "id": "[resourceId('Microsoft.Compute/availabilitySets/', variables('availabilitySetName'))]"
                },
                "hardwareProfile": {
                    "vmSize": "[variables('vmSize')]"
                },
                "osProfile": {
                    "computerName": "[concat(parameters('vmNamePrefix'), '-LB', copyIndex())]",
                    "adminUsername": "[parameters('adminUsername')]",
                    "adminPassword": "[parameters('adminPassword')]"
                },
                "storageProfile": {
                    "imageReference": {
                        "publisher": "Canonical",
                        "offer": "UbuntuServer",
                        "sku": "[parameters('ubuntuOSVersion')]",
                        "version": "latest"
                    },
                    "osDisk": {
                        "createOption": "FromImage",
                        "diskSizeGB": 40
                    }
                },
                "networkProfile": {
                    "networkInterfaces": [
                        {
                            "id": "[resourceId('Microsoft.Network/networkInterfaces/', concat(parameters('nicNamePrefix'), '-LBNIC', copyIndex()))]"
                        }
                    ]
                },
                "diagnosticsProfile": {
                    "bootDiagnostics": {
                        "enabled": true,
                        "storageUri": "[reference(resourceId(parameters('storageAccountResourceGroupName'), 'Microsoft.Storage/storageAccounts/', parameters('storageAccountName')), '2017-06-01').primaryEndpoints.blob]"
                    }
                }
            }
        },
        {
            "type": "Microsoft.Compute/virtualMachines",
            "apiVersion": "2017-03-30",
            "name": "[concat(parameters('vmNamePrefix'), '-Conf')]",
            "location": "[parameters('location')]",
            "dependsOn": [
                "[concat('Microsoft.Storage/storageAccounts/', parameters('storageAccountName'))]",
                "[concat('Microsoft.Network/networkInterfaces/', parameters('nicNamePrefix'), '-CONFNIC')]"
            ],
            "properties": {
                "hardwareProfile": {
                    "vmSize": "[variables('vmSize')]"
                },
                "osProfile": {
                    "computerName": "[concat(parameters('vmNamePrefix'), '-conf')]",
                    "adminUsername": "[parameters('adminUsername')]",
                    "adminPassword": "[parameters('adminPassword')]"
                },
                "storageProfile": {
                    "imageReference": {
                        "publisher": "Canonical",
                        "offer": "UbuntuServer",
                        "sku": "[parameters('ubuntuOSVersion')]",
                        "version": "latest"
                    },
                    "osDisk": {
                        "createOption": "FromImage",
                        "diskSizeGB": 80
                    }
				},
                "networkProfile": {
                    "networkInterfaces": [
                        {
                            "id": "[resourceId('Microsoft.Network/networkInterfaces/', concat(parameters('nicNamePrefix'), '-CONFNIC'))]"
                        }
                    ]
                },
                "diagnosticsProfile": {
                    "bootDiagnostics": {
                        "enabled": true,
                        "storageUri": "[reference(resourceId(parameters('storageAccountResourceGroupName'), 'Microsoft.Storage/storageAccounts/', parameters('storageAccountName')), '2017-06-01').primaryEndpoints.blob]"
                    }
                }                
            }
        },
        {
            "type": "Microsoft.Compute/virtualMachines",
            "apiVersion": "2017-03-30",
            "name": "[concat(parameters('vmNamePrefix'), '-memcached')]",
            "location": "[parameters('location')]",
            "dependsOn": [
                "[concat('Microsoft.Storage/storageAccounts/', parameters('storageAccountName'))]",
                "[concat('Microsoft.Network/networkInterfaces/', parameters('nicNamePrefix'), '-MEMCACHEDNIC')]"
            ],
            "properties": {
                "hardwareProfile": {
                    "vmSize": "[variables('vmSize')]"
                },
                "osProfile": {
                    "computerName": "[concat(parameters('vmNamePrefix'), '-memcached')]",
                    "adminUsername": "[parameters('adminUsername')]",
                    "adminPassword": "[parameters('adminPassword')]"
                },
                "storageProfile": {
                    "imageReference": {
                        "publisher": "Canonical",
                        "offer": "UbuntuServer",
                        "sku": "[parameters('ubuntuOSVersion')]",
                        "version": "latest"
                    },
                    "osDisk": {
                        "createOption": "FromImage",
                        "diskSizeGB": 80
                    }
				},
                "networkProfile": {
                    "networkInterfaces": [
                        {
                            "id": "[resourceId('Microsoft.Network/networkInterfaces/', concat(parameters('nicNamePrefix'), '-MEMCACHEDNIC'))]"
                        }
                    ]
                },
                "diagnosticsProfile": {
                    "bootDiagnostics": {
                        "enabled": true,
                        "storageUri": "[reference(resourceId(parameters('storageAccountResourceGroupName'), 'Microsoft.Storage/storageAccounts/', parameters('storageAccountName')), '2017-06-01').primaryEndpoints.blob]"
                    }
                }                
            }
        }
        ,
        {
            "type": "Microsoft.Compute/virtualMachines",
            "apiVersion": "2017-03-30",
            "name": "[concat(parameters('vmNamePrefix'), '-mysql')]",
            "location": "[parameters('location')]",
            "dependsOn": [
                "[concat('Microsoft.Storage/storageAccounts/', parameters('storageAccountName'))]",
                "[concat('Microsoft.Network/networkInterfaces/', parameters('nicNamePrefix'), '-MYSQLNIC')]"
            ],
            "properties": {
                "hardwareProfile": {
                    "vmSize": "[variables('vmSize')]"
                },
                "osProfile": {
                    "computerName": "[concat(parameters('vmNamePrefix'), '-mysql')]",
                    "adminUsername": "[parameters('adminUsername')]",
                    "adminPassword": "[parameters('adminPassword')]"
                },
                "storageProfile": {
                    "imageReference": {
                        "publisher": "Canonical",
                        "offer": "UbuntuServer",
                        "sku": "[parameters('ubuntuOSVersion')]",
                        "version": "latest"
                    },
                    "dataDisks": [
                        {
                            "diskSizeGB": 250,
                            "lun": 0,
                            "createOption":"Empty"
                        },
                        {
                            "diskSizeGB": 250,
                            "lun": 1,
                            "createOption": "Empty"
                        }
                    ],
                    "osDisk": {
                        "createOption": "FromImage",
                        "diskSizeGB": 80
                    }
				},
                "networkProfile": {
                    "networkInterfaces": [
                        {
                            "id": "[resourceId('Microsoft.Network/networkInterfaces/', concat(parameters('nicNamePrefix'), '-MYSQLNIC'))]"
                        }
                    ]
                },
                "diagnosticsProfile": {
                    "bootDiagnostics": {
                        "enabled": true,
                        "storageUri": "[reference(resourceId(parameters('storageAccountResourceGroupName'), 'Microsoft.Storage/storageAccounts/', parameters('storageAccountName')), '2017-06-01').primaryEndpoints.blob]"
                    }
                }                
            }
        }
    ]
}